State,Bar Exam Software
Maine,Exam4
Virginia,Exam4
Wisconsin,Exam4
Delaware,Examplify
Kentucky,Examplify
South Carolina,Examplify
South Dakota,Examplify
Alabama,Examplify
Alaska,Examplify
Arizona,Examplify
California,Examplify
Connecticut,Examplify
Florida,Examplify
Georgia,Examplify
Hawaii,Examplify
Idaho,Examplify
Illinois,Examplify
Maryland,Examplify
Massachusetts,Examplify
Michigan,Examplify
Mississippi,Examplify
Montana,Examplify
New Hampshire,Examplify
New Jersey,Examplify
New Mexico,Examplify
New York,Examplify
North Carolina,Examplify
North Dakota,Examplify
Ohio,Examplify
Oklahoma,Examplify
Pennsylvania,Examplify
Rhode Island,Examplify
Tennessee,Examplify
Utah,Examplify
Wyoming,Examplify
Vermont,Examplify
DC,Examplify
Arkansas,Examplify
Texas,Examplify & ILG Exam360
Colorado,ILG Exam360
Indiana,ILG Exam360
Iowa,ILG Exam360
Kansas,ILG Exam360
Louisiana,ILG Exam360
Minnesota,ILG Exam360
Missouri,ILG Exam360
Nebraska,ILG Exam360
Nevada,ILG Exam360
Oregon,ILG Exam360
Washington,ILG Exam360
West Virginia,ILG Exam360